{
  "generated_at": "2026-03-16T06:44:39.762428+00:00",
  "target": "conversion_success (approved_conversion >= 1)",
  "dataset": {
    "total_rows": 2955,
    "train_rows": 2364,
    "test_rows": 591,
    "positive_rate": 0.579019
  },
  "rule_baseline": {
    "accuracy": 0.681895,
    "precision": 1.0,
    "recall": 0.450292,
    "f1": 0.620968,
    "roc_auc": 0.725146
  },
  "logistic_regression": {
    "accuracy": 0.670051,
    "precision": 0.754325,
    "recall": 0.637427,
    "f1": 0.690967,
    "roc_auc": 0.708624
  },
  "delta": {
    "accuracy": -0.011844,
    "precision": -0.245675,
    "recall": 0.187135,
    "f1": 0.069999,
    "roc_auc": -0.016522
  }
}